id;employer_key;name;email;phone;address;street;city;county;longitude;latitude;created_date;last_modified_date;created_by;last_modified_by
1;deposit Legacy transmit;Tasty monitor ability;Christian.Senger6@hotmail.com;1-667-528-9893;Camp;Gutkowski Estate;Padbergberg;Brunei Dollar parsing;extranet full-range;payment Gourde US Dollar Sleek;2021-04-18T19:53:53;2021-04-18T08:59:53;index Liberia Saudi Riyal;Money Market Account Bedfordshire transmitting
2;circuit Credit Card Account;generating Devolved;Kody.Corwin41@hotmail.com;075.303.7993 x125;Savings Account;West Prairie;Terranceville;transparent navigating Corners;experiences generating;Dynamic Generic Incredible Granite Shoes;2021-04-19T05:57:42;2021-04-18T15:04:19;synergistic maroon interface;deposit context-sensitive
3;Fantastic transmitter;artificial intelligence panel;Wayne_Barton11@gmail.com;1-083-819-2738 x31284;upward-trending;Susan Walks;South Jeanie;Saint Helena Pound Corporate PNG;generate alarm Dynamic;Generic Granite Pizza killer;2021-04-19T00:33:09;2021-04-18T22:11:10;invoice programming;Fish
4;emulation;indigo;Alexandro.Wunsch@yahoo.com;1-867-597-2538;auxiliary Incredible Fantastic;Jerad Fall;Ilianaport;Ball Money Market Account Borders;Zambia Springs open architecture;partnerships Spur payment;2021-04-19T06:59:23;2021-04-18T10:35:18;Personal Loan Account withdrawal;Customer
5;Clothing front-end;Officer;Ricardo.Swaniawski55@yahoo.com;1-832-916-3790;Lead;Parker Isle;Lake Anitamouth;Northern Mariana Islands New Zealand Dollar Fantastic Concrete Shoes;Movies;Concrete Tasty programming;2021-04-18T23:31:47;2021-04-18T18:14:40;Awesome;Web Checking Account
6;Frozen access Fish;cross-platform Ergonomic Granite Shirt;Kraig.Kris@gmail.com;(840) 200-8144 x365;Fantastic Cotton;Aurelia Fords;Nolanborough;contingency Computers complexity;Web plum;Balanced;2021-04-19T01:16:02;2021-04-18T17:08:39;Comoros Functionality;deposit
7;Singapore Dollar Incredible Rubber Pants;reboot navigating;Gisselle3@hotmail.com;245.192.3153;Gardens back-end;Jamil Junctions;Port Heath;copying Lempira Rustic;users;open-source architect;2021-04-18T14:09:36;2021-04-19T04:54:01;SCSI hard drive;dynamic Refined
8;extend high-level;virtual models;Lauretta.Wisoky34@yahoo.com;1-711-916-4080;Shoes Crossing Implementation;Hagenes Meadows;West Eudorahaven;Savings Account;Computers;Incredible Frozen Mouse;2021-04-18T22:19:05;2021-04-18T13:14:13;alliance hack solutions;Usability sensor
9;Bridge Cambridgeshire Money Market Account;Bedfordshire full-range;Casey.Cronin@yahoo.com;1-224-401-1129;redefine;Fae Rapid;Austenhaven;Front-line Village;transparent China;leverage bus;2021-04-18T19:34:56;2021-04-19T02:44:22;Drive;Berkshire Pizza gold
10;payment Triple-buffered envisioneer;approach Nebraska Reactive;Theron.Rohan72@gmail.com;1-365-020-2104 x899;utilize transparent violet;Green Plain;North Sierramouth;system-worthy architectures;withdrawal Steel;RAM;2021-04-19T04:43:09;2021-04-18T22:22:14;Fresh;eyeballs
