id;employee_id;source_id;first_name;last_name;middle_initial;email_address;number_phone;street;city;state_code;zip;birth_date;department;social_security_number
1;calculate Investment Account;Soft Investment Account port;Lora;Hessel;Realigned;Tuna Granite;leading-edge;Harmon Divide;Aureliamouth;Assistant;Home;2021-01-10T17:06:53;Wooden;International alarm
2;Switchable Garden;Berkshire reinvent;Otilia;Hintz;Unbranded Granite Bacon;synergy internet solution;Granite;Kelli Station;South Ignatiusland;value-added;pink;2021-01-10T15:13:16;lime payment portals;Factors
3;deposit Decentralized Home Loan Account;Fish ROI Sausages;Fredy;Ziemann;payment Expressway;infrastructures 24 hour Sleek;Cambridgeshire Illinois;Bartoletti Camp;New Rorychester;Bacon invoice;white;2021-01-11T02:52:35;Forward Shoes;Concrete
4;1080p;Bedfordshire;Hipolito;Russel;Kids Checking Account;National;Pants;Guido Fords;North Magnoliaton;Personal Loan Account;Ball Investor;2021-01-10T07:49:43;sensor;Practical Wooden Towels
5;monetize Pataca;Proactive Group;Darrel;Cummerata;communities incentivize payment;Burundi Franc Assimilated;Toys Upgradable;Torphy Loaf;New Shanellechester;SMTP Grass-roots Internal;Unbranded;2021-01-10T23:27:24;systems;feed deposit back up
6;Music;Games Finland Table;Misty;Sporer;killer;virtual Glen Games;generate circuit Administrator;Shields Field;North Davidtown;engage;withdrawal;2021-01-11T00:58:42;Agent;Developer back-end reboot
7;TCP Arkansas;Computer virtual Rustic Concrete Table;Javon;Hyatt;mesh;Comoro Franc Agent Assistant;Senior Hawaii;Hagenes Bridge;North Queenie;Handmade Soft Chips;transition Sleek Plastic Chicken schemas;2021-01-11T01:18:22;Object-based deposit Rustic;Florida deposit supply-chains
8;instruction set orange;indexing attitude;Tyrese;Bechtelar;Auto Loan Account Montana Accounts;feed;cross-platform Mouse PNG;Sipes Dam;East Nick;Fresh;Solutions bleeding-edge Lilangeni;2021-01-11T01:58:14;generate Concrete interface;Secured vertical
9;Car Automated primary;Knolls virtual iterate;Keeley;Hamill;Direct Borders Borders;ADP;Visionary;Bernier Loop;East Henriettemouth;Bahamian Dollar;Representative Austria;2021-01-10T22:33:16;Ergonomic Home Loan Account;Uganda Shilling Investment Account
10;Jewelery Branding Implemented;protocol Sleek service-desk;Charles;Williamson;payment Mill technologies;Berkshire synthesizing knowledge user;Configuration red International;O'Reilly Pass;Kennethhaven;streamline;holistic;2021-01-11T02:41:52;cyan;Canada Auto Loan Account withdrawal
