id;organization_uuid;name;display_name;description;email;phone
1;Intelligent Cotton Gloves frame deposit;infrastructure microchip;payment Ergonomic;red Credit Card Account Ergonomic;Magnus_Hilll13@gmail.com;1-855-348-5482 x6478
2;United States of America;Glens;granular global;invoice;Scottie48@yahoo.com;1-028-098-3823
3;synthesizing Nauru open architecture;Berkshire Sierra Leone intermediate;white 1080p;Multi-lateral;Katheryn24@yahoo.com;(895) 796-3230
4;New York Garden;Global Chicken Executive;Street;Generic Forward eyeballs;Evan87@gmail.com;468-798-6712
5;calculate deposit plum;value-added paradigms;Soft Mexican Peso Mexican Unidad de Inversion (UDI);Vision-oriented Multi-channelled;Kallie.Smitham29@yahoo.com;239.899.4707 x10499
6;Checking Account;Swedish Krona;Generic Frozen Pizza;Legacy;Janis.Zieme@gmail.com;938-900-5299 x833
7;parse ivory;reinvent Guyana Dollar Supervisor;Idaho Concrete;Pakistan withdrawal Fords;Jocelyn45@gmail.com;(058) 933-9925 x7153
8;Home Loan Account Planner;Integration gold deposit;RAM SSL sticky;synthesizing;Garret85@gmail.com;643.842.0303 x46588
9;Handmade Plastic Pants synergistic embrace;Unbranded background;circuit XSS;Regional;Darren.Predovic25@hotmail.com;476-623-7169 x6666
10;Alaska;SCSI eyeballs Fish;Borders withdrawal invoice;lime Cambridgeshire HDD;Mitchell59@yahoo.com;1-476-586-1133 x1592
