id;name;created_date;last_modified_date;created_by;last_modified_by
1;Savings Account;2021-05-11T23:14:06;2021-05-11T20:31:28;Metal capability;bandwidth Supervisor Euro
2;customer loyalty Baby;2021-05-12T04:48:01;2021-05-12T01:11:08;Florida COM Investor;Heard Island and McDonald Islands
3;protocol Applications Licensed Soft Chicken;2021-05-12T03:03:39;2021-05-12T05:11:40;programming;Regional
4;bus;2021-05-11T19:20:25;2021-05-12T04:02:51;Forward Home Loan Account;card
5;TCP;2021-05-11T22:15:10;2021-05-12T00:06:00;program Auto Loan Account grow;systems Granite Refined Metal Shoes
6;mission-critical Netherlands Antilles;2021-05-12T12:33:31;2021-05-12T00:28:02;Station;program
7;Crossroad flexibility;2021-05-12T04:21:44;2021-05-11T19:06:11;Brand;Handcrafted Rubber Mouse optical
8;Optional;2021-05-11T18:23:57;2021-05-11T23:36:11;needs-based;Architect Senior
9;Personal Loan Account Incredible Metal Cheese;2021-05-12T07:40:50;2021-05-12T06:11:28;expedite Awesome Granite Chicken;Borders blue
10;Buckinghamshire Dobra USB;2021-05-12T07:46:15;2021-05-11T15:32:25;Assistant;Rustic
