id;id;phone;gender;birth_date;created_date;last_modified_date;created_by;last_modified_by
1;Solutions;1-013-076-5510;MALE;2021-01-10T17:28:07;2021-01-10T10:19:49;2021-01-10T19:16:59;eyeballs Branding;Refined
2;analyzer;(821) 260-7032;FEMALE;2021-01-11T03:14:10;2021-01-11T06:28:49;2021-01-11T00:38:26;Sleek calculating synergize;deliverables proactive
3;reboot architect nav;(295) 032-4533;FEMALE;2021-01-10T19:51:43;2021-01-10T17:07:25;2021-01-11T01:35:49;Accountability Automotive;synthesize
4;Ergonomic;(011) 470-3587 x15490;MALE;2021-01-11T01:38:15;2021-01-10T23:38:24;2021-01-11T01:51:32;Seychelles;Personal Loan Account Reactive bandwidth
5;access executive int;360.138.0607 x768;FEMALE;2021-01-10T13:17:46;2021-01-10T22:55:36;2021-01-10T11:27:47;Metrics;Parkways
6;Plastic payment Outd;352.056.0141;FEMALE;2021-01-10T20:58:37;2021-01-10T15:19:44;2021-01-10T14:16:04;Jamaica bluetooth didactic;black
7;teal radical Hat;297.270.6169 x745;FEMALE;2021-01-11T02:09:25;2021-01-11T05:05:00;2021-01-10T23:00:59;Games Plastic;client-driven black
8;array;240-053-8316;FEMALE;2021-01-11T00:01:42;2021-01-11T00:40:31;2021-01-10T20:57:42;Japan;Borders
9;navigating deposit g;(991) 486-1831 x2751;MALE;2021-01-10T09:12:15;2021-01-10T19:49:59;2021-01-11T02:47:39;programming e-tailers;Turnpike Small Wooden Towels contextually-based
10;client-driven Row;748.496.7301;FEMALE;2021-01-11T00:00:05;2021-01-11T06:37:53;2021-01-10T18:52:17;generating Table Gorgeous;real-time
