id;address_line_1;address_line_2;city;country;zip_code;longitude;latitude;created_date;last_modified_date;created_by;last_modified_by
1;virtual;iterate;Port Ryderfurt;Slovakia (Slovak Republic);30165-1699;Gorgeous Granite Salad Auto Loan Account;Mill Upgradable;2021-01-10T13:56:42;2021-01-10T12:03:14;Checking Account;New Taiwan Dollar
2;navigate real-time Florida;bus Advanced back-end;Krisstad;Aruba;59574;Fresh ubiquitous intuitive;task-force;2021-01-10T10:29:36;2021-01-11T05:54:03;Bacon seize Georgia;Arkansas
3;United States Minor Outlying Islands Facilitator;Handcrafted Plastic Chair;Jamiefort;Mali;22570-9732;Executive;Shoes cross-platform;2021-01-10T23:07:30;2021-01-10T23:54:29;mobile;Facilitator quantify
4;white;innovative Towels multi-byte;West Fannie;Denmark;37228;Wooden syndicate;regional invoice backing up;2021-01-10T12:35:55;2021-01-10T09:31:50;Harbors;Mobility
5;Intelligent Plastic Tuna;Awesome open-source hierarchy;West Dorian;Mongolia;09057;scalable calculating paradigms;Sleek Concrete card;2021-01-10T17:10:44;2021-01-10T08:03:30;scalable turquoise Vanuatu;Creative
6;Sports Money Market Account Croatian Kuna;paradigm Garden;Lake Mason;Netherlands;00524-2587;SDR;Computers;2021-01-10T15:22:35;2021-01-11T06:24:46;experiences cross-platform communities;Pizza Computer Ergonomic
7;Borders Chicken parse;Personal Loan Account SAS;Bradenchester;United Kingdom;52042;programming Minnesota;high-level Arizona Buckinghamshire;2021-01-10T12:39:28;2021-01-10T09:49:01;Mobility black;cross-media convergence Chicken
8;Licensed Mountain;Engineer Awesome Soft Bike synthesizing;Burleyport;Finland;80085-4495;Virgin Islands, British Congolese Franc Land;synthesize Global yellow;2021-01-10T13:49:53;2021-01-11T04:35:15;Investment Account Texas Fantastic Soft Chicken;Bedfordshire Metal customized
9;Customizable synthesizing;Borders Cambridgeshire National;New Jonathon;Thailand;12757;Generic Cotton Chicken Chips calculate;Movies;2021-01-10T08:58:46;2021-01-10T23:26:08;azure ubiquitous;web-enabled
10;virtual Fantastic Cotton Towels;Visionary Borders incentivize;Arnoldmouth;Reunion;19091-0584;parse Michigan;JBOD;2021-01-10T08:06:38;2021-01-10T13:22:11;Investment Account Islands Home Loan Account;Integrated Tools Washington
